Workbook

Sheet WEB2
A1: Bewertungsraster WEB2
A3: Projektinformationen
A4: Projekt:
A5: Name 1:
A6: Name 2:
A7: Name 3:
A9: Bewertungsübersicht
A10: Kategorie | B10: Max. Punkte | C10: Erreicht | D10: Prozent
A11: Projekteingabe | B11: 5 | C11: ='LB2'!E6 -> 0 | D11: =IF(B11>0, C11/B11*100, 0) -> 0
A12: Kurzdokumentation | B12: 20 | C12: ='LB2'!E14 -> 0 | D12: =IF(B12>0, C12/B12*100, 0) -> 0
A13: Technische Umsetzung | B13: 40 | C13: ='LB2'!E26 -> 0 | D13: =IF(B13>0, C13/B13*100, 0) -> 0
A14: Livedemonstration | B14: 15 | C14: ='LB2'!E33 -> 0 | D14: =IF(B14>0, C14/B14*100, 0) -> 0
A15: Total | B15: =SUM(B11:B14) -> 80 | C15: =SUM(C11:C14) -> 0 | D15: =IF(B15>0, C15/B15*100, 0) -> 0
A17: Endnote
A18: Note LB2 (50%): | B18: ='LB2'!E37 -> 1
A20: Notenberechnung: (Punkte / 80) × 5 + 1

Sheet LB2
A1: Bewertungsraster LB2 – SPA-Projekt
A3: Projekteingabe (5 Punkte)
A4: Kriterium | B4: Nachweis | C4: Max. | D4: Gew. | E4: Erreicht | F4: Bemerkungen
A5: Vollständigkeit & Qualität | B5: PDF per Teams | C5: 5 | D5: 1 | E5: 0
A6: Zwischentotal | C6: =SUM(C5:C5) -> 5 | E6: =SUM(E5:E5) -> 0
A8: Kurzdokumentation (20 Punkte)
A9: Kriterium | B9: Nachweis | C9: Max. | D9: Gew. | E9: Erreicht | F9: Bemerkungen
A10: Anforderungen & Zielerreichung | B10: Dokumentation PDF | C10: 5 | D10: 1 | E10: 0
A11: Technische Dokumentation | B11: Dokumentation PDF | C11: 5 | D11: 1 | E11: 0
A12: Visualisierungen | B12: Dokumentation PDF | C12: 5 | D12: 1 | E12: 0
A13: Fazit & Lessons Learned | B13: Dokumentation PDF | C13: 5 | D13: 1 | E13: 0
A14: Zwischentotal | C14: =SUM(C10:C13) -> 20 | E14: =SUM(E10:E13) -> 0
A16: Technische Umsetzung (40 Punkte)
A17: Kriterium | B17: Nachweis | C17: Max. | D17: Gew. | E17: Erreicht | F17: Bemerkungen
A18: Codestruktur & README | B18: GitLab Repository | C18: 5 | D18: 1 | E18: 0
A19: Komponentenarchitektur | B19: GitLab Repository | C19: 5 | D19: 1 | E19: 0
A20: Routing | B20: GitLab Repository | C20: 5 | D20: 1 | E20: 0
A21: State-Management | B21: GitLab Repository | C21: 5 | D21: 1 | E21: 0
A22: Funktionalität | B22: GitLab Repository | C22: 5 | D22: 1 | E22: 0
A23: UI/UX Design | B23: GitLab Repository | C23: 5 | D23: 1 | E23: 0
A24: Responsive Design | B24: GitLab Repository | C24: 5 | D24: 1 | E24: 0
A25: Git-Workflow | B25: GitLab Repository | C25: 5 | D25: 1 | E25: 0
A26: Zwischentotal | C26: =SUM(C18:C25) -> 40 | E26: =SUM(E18:E25) -> 0
A28: Livedemonstration (15 Punkte)
A29: Kriterium | B29: Nachweis | C29: Max. | D29: Gew. | E29: Erreicht | F29: Bemerkungen
A30: Präsentation & Demo | B30: Teams Präsentation | C30: 5 | D30: 1 | E30: 0
A31: Vortragsweise | B31: Teams Präsentation | C31: 5 | D31: 1 | E31: 0
A32: Technisches Verständnis | B32: Teams Präsentation | C32: 5 | D32: 1 | E32: 0
A33: Zwischentotal | C33: =SUM(C30:C32) -> 15 | E33: =SUM(E30:E32) -> 0
A35: TOTAL | C35: =C6+C14+C26+C33 -> 80 | E35: =E6+E14+E26+E33 -> 0
A37: NOTE LB2 | E37: =ROUND((E35*5/C35)+1, 1) -> 1
A39: Bewertungsskala: 5 = Hervorragend, 4 = Gut, 3 = Genügend, 2 = Ungenügend, 1 = Schlecht, 0 = Nicht vorhanden
A40: Detaillierte Kriterienbeschreibungen: siehe Blatt "Kriterien"

Sheet Kriterien
A1: Bewertungskriterien LB2 - SPA-Projekt
A3: Projekteingabe (5 Punkte)
A4: Kriterium | B4: 5 Punkte | C4: 4 Punkte | D4: 3 Punkte | E4: 2 Punkte | F4: 1 Punkt | G4: 0 Punkte
A5: Vollständigkeit & Qualität | B5: Alle 7 Elemente vorhanden; mindestens 3 SMART-Ziele vollständig formuliert; mindestens 5 konkrete Anforderungen/Features definiert | C5: Alle 7 Elemente vorhanden; mindestens 2 SMART-Ziele; mindestens 3 Anforderungen definiert | D5: Mindestens 5 von 7 Elementen vorhanden; mindestens 1 messbares Ziel; Anforderungen nur grob umrissen | E5: 3 bis 4 Elemente vorhanden; keine messbaren Ziele; Anforderungen unklar oder fehlend | F5: Nur 1 bis 2 Elemente vorhanden; keine erkennbare Struktur | G5: Nicht abgegeben oder verspätet
A7: Kurzdokumentation (20 Punkte)
A8: Kriterium | B8: 5 Punkte | C8: 4 Punkte | D8: 3 Punkte | E8: 2 Punkte | F8: 1 Punkt | G8: 0 Punkte
A9: Anforderungen & Zielerreichung | B9: 100% der Anforderungen aus Projekteingabe einzeln aufgeführt mit Status (erreicht/teilweise/nicht erreicht); Abweichungen mit Begründung dokumentiert | C9: Mindestens 80% der Anforderungen abgeglichen; Abweichungen grösstenteils begründet | D9: Mindestens 50% der Anforderungen erwähnt; Begründungen bei Abweichungen fehlen teilweise | E9: Unter 50% der Anforderungen erwähnt; keine Begründungen bei Abweichungen | F9: Kaum Bezug zur Projekteingabe; keine systematische Überprüfung erkennbar | G9: Abschnitt fehlt vollständig
A10: Technische Dokumentation | B10: Alle 4 Aspekte (Architektur, Komponenten, Routing, State) dokumentiert; Komponentendiagramm oder Komponentenliste vorhanden; Datenfluss beschrieben | C10: Mindestens 3 von 4 Aspekten dokumentiert; Zusammenhänge erkennbar | D10: Mindestens 2 von 4 Aspekten dokumentiert; oberflächliche Beschreibung | E10: Nur 1 Aspekt dokumentiert; keine Zusammenhänge erkennbar | F10: Technische Beschreibung fast vollständig fehlend; nur Stichworte | G10: Abschnitt fehlt vollständig
A11: Visualisierungen | B11: Mindestens 2 Wireframes/Mockups für Hauptansichten; mindestens 1 technisches Diagramm (Komponenten, Architektur oder Datenfluss); professionelle Darstellung | C11: Mindestens 1 Wireframe/Mockup und 1 Diagramm vorhanden; verständlich dargestellt | D11: Mindestens 1 Visualisierung vorhanden; wenig aussagekräftig oder unprofessionell | E11: Nur Screenshots ohne Kontext oder Erklärung; keine eigenen Visualisierungen erstellt | F11: Unbrauchbare oder unleserliche Visualisierungen | G11: Keine Visualisierungen vorhanden
A12: Fazit & Lessons Learned | B12: Mindestens 3 konkrete Herausforderungen beschrieben mit Lösungsweg; persönliche Erkenntnisse formuliert; Verbesserungsvorschläge für zukünftige Projekte | C12: Mindestens 2 konkrete Herausforderungen mit Lösungsansatz; Reflexion vorhanden | D12: Mindestens 1 Herausforderung erwähnt; oberflächliche Reflexion ohne konkrete Beispiele | E12: Keine konkreten Herausforderungen; nur allgemeine Aussagen ohne Projektbezug | F12: Nur Floskeln; kein erkennbares Fazit | G12: Abschnitt fehlt vollständig
A14: Technische Umsetzung (40 Punkte)
A15: Kriterium | B15: 5 Punkte | C15: 4 Punkte | D15: 3 Punkte | E15: 2 Punkte | F15: 1 Punkt | G15: 0 Punkte
A16: Codestruktur & README | B16: Einheitliche Formatierung (Linter konfiguriert); sprechende Variablen und Funktionsnamen; logische Ordnerstruktur; README vollständig: Projektbeschreibung, Voraussetzungen, Installationsschritte, Start-Befehl, Konfiguration externer Abhängigkeiten inkl. Beispiel .env; keine API-Keys im Code | C16: Überwiegend einheitlich; README mit Installationsanleitung vorhanden; externe Abhängigkeiten erwähnt, aber Einrichtung nicht vollständig beschrieben | D16: Grundstruktur erkennbar; inkonsistente Formatierung; README unvollständig; Projekt nicht ohne Rückfragen lauffähig | E16: Chaotische Struktur; README vorhanden aber unbrauchbar; API-Keys oder Secrets im Code gefunden | F16: Keine erkennbare Struktur; README fehlt oder ist leer; Code schwer nachvollziehbar | G16: Kein Code abgegeben oder Code nicht ausführbar
A17: Komponentenarchitektur | B17: Mindestens 5 sinnvoll aufgeteilte Komponenten; keine Komponente über 300 Zeilen; Props und Events/Emits korrekt für Datenaustausch verwendet; mindestens 1 wiederverwendete Komponente | C17: Mindestens 3 Komponenten; Aufteilung grösstenteils sinnvoll; vereinzelt zu grosse Komponenten (über 400 Zeilen) | D17: Komponenten vorhanden; Aufteilung wenig durchdacht; Vermischung von Verantwortlichkeiten; kaum Wiederverwendung | E17: Nur 1 bis 2 Komponenten; keine sinnvolle Aufteilung; fast alles in einer Datei | F17: Keine Komponentenstruktur erkennbar; monolithischer Code | G17: Keine Komponenten vorhanden
A18: Routing | B18: Mindestens 4 verschiedene Routes; funktionierende Navigation (Links/Buttons); Deep Links funktionieren (direkter URL-Aufruf); 404-Seite für unbekannte Routen | C18: Mindestens 3 Routes; Navigation funktioniert; Deep Links funktionieren; kein 404-Handling | D18: Mindestens 2 Routes; Navigation funktioniert teilweise; Deep Links funktionieren nicht oder Routing-Fehler | E18: Nur 1 Route; Navigation fehlerhaft; Seiten nicht erreichbar | F18: Routing implementiert aber vollständig defekt | G18: Kein Routing vorhanden
A19: State-Management | B19: Globaler Store sinnvoll eingesetzt (z.B. Pinia, Vuex, Redux) ODER bewusste, begründete Entscheidung gegen globalen Store in Dokumentation festgehalten; klare Trennung von lokalem und globalem State; mindestens 2 verschiedene State-Bereiche | C19: Store vorhanden; Verwendung grösstenteils sinnvoll; vereinzelt globaler State für rein lokale Daten | D19: Kein zentraler Store ohne Begründung; State-Verwaltung unübersichtlich oder inkonsistent | E19: State-Verwaltung chaotisch; Daten gehen bei Navigation verloren; keine Konsistenz | F19: Kein erkennbares State-Management; Anwendung verhält sich unvorhersehbar | G19: State-Management nicht vorhanden; Anwendung nicht funktionsfähig
A20: Funktionalität | B20: 100% der in Projekteingabe definierten Hauptfeatures funktionieren fehlerfrei | C20: Mindestens 80% der Hauptfeatures funktionieren; kleinere Bugs, die Nutzung nicht wesentlich beeinträchtigen | D20: Mindestens 60% der Hauptfeatures funktionieren; grössere Bugs oder fehlende Kernfunktionen | E20: 30 bis 60% der Hauptfeatures funktionieren; kritische Bugs vorhanden | F20: Unter 30% der Hauptfeatures funktionieren; Anwendung kaum nutzbar | G20: Anwendung startet nicht oder keine Features implementiert
A21: UI/UX Design | B21: Konsistentes Farbschema (maximal 3 bis 4 Hauptfarben); einheitliche Abstände und Schriftgrössen; klare visuelle Hierarchie; intuitive Navigation (maximal 2 Klicks zu Hauptfunktionen); Ladezustände und Fehlermeldungen vorhanden | C21: Grösstenteils konsistentes Design; kleinere Inkonsistenzen bei Abständen oder Farben; Navigation verständlich | D21: Grundlegendes Design vorhanden; inkonsistente Gestaltung; Navigation teilweise verwirrend; keine Ladezustände | E21: Kein erkennbares Designkonzept; verwirrende Navigation; keine Benutzerführung | F21: Unbenutzbare Oberfläche; grundlegende UI-Elemente fehlen oder sind defekt | G21: Keine UI vorhanden oder Anwendung nicht bedienbar
A22: Responsive Design | B22: Mobile-First-Ansatz oder optimierte Darstellung für mindestens 3 Breakpoints (Mobile bis 768px, Tablet bis 1024px, Desktop über 1024px); keine horizontalen Scrollbalken; Touch-freundliche Interaktionselemente (mindestens 44px Zielgrösse) | C22: Funktioniert auf Mobile und Desktop; kleinere Darstellungsprobleme auf einem Breakpoint; Inhalte lesbar | D22: Nur für Desktop optimiert oder grössere Layout-Probleme auf Mobile; horizontales Scrollen nötig | E22: Auf Mobile nicht nutzbar; Inhalte abgeschnitten oder überlagert; Buttons nicht klickbar | F22: Layout komplett defekt auf mindestens einem Gerät | G22: Keine Anpassung für verschiedene Bildschirmgrössen; nur auf einem Gerät nutzbar
A23: Git-Workflow | B23: Sinnvolle Branch-Strategie (mindestens Dev-Branch oder Feature-Branches); alle Gruppenmitglieder haben Commits (sichtbar in Git-Log); mindestens 80% der Commits mit aussagekräftiger Message | C23: Nachvollziehbare History; alle haben mindestens 3 Commits; Commit-Messages meist verständlich | D23: Nur Main-Branch; ungleiche Verteilung (eine Person unter 20% der Commits); nichtssagende Messages (z.B. "fix", "update") | E23: Weniger als 5 Commits total; eine Person hat fast alles commitet; keine sinnvollen Messages | F23: Nur 1 bis 2 Commits; kein nachvollziehbarer Workflow; Code vermutlich am Ende hochgeladen | G23: Kein Git verwendet oder Repository leer/nicht zugänglich
A25: Livedemonstration (15 Punkte)
A26: Kriterium | B26: 5 Punkte | C26: 4 Punkte | D26: 3 Punkte | E26: 2 Punkte | F26: 1 Punkt | G26: 0 Punkte
A27: Präsentation & Demo | B27: Alle Hauptfeatures live vorgeführt; klarer roter Faden (Einleitung, Demo, Schluss); Zeitrahmen eingehalten (15 bis 20 Minuten, ±2 Minuten) | C27: Mindestens 80% der Features gezeigt; erkennbare Struktur; Zeit leicht über oder unterschritten (±5 Minuten) | D27: Nur Grundfunktionen gezeigt; kein klarer Aufbau; Zeit stark verfehlt (über 5 Minuten Abweichung) | E27: Unter 50% der Features gezeigt; keine erkennbare Struktur; technische Probleme nicht gelöst | F27: Kaum Features gezeigt; Präsentation unter 5 Minuten oder abgebrochen | G27: Nicht erschienen oder keine Demo möglich
A28: Vortragsweise | B28: Alle Gruppenmitglieder sprechen mindestens 3 Minuten; freie Rede (kein Ablesen); flüssiger Vortrag ohne längere Pausen; Blickkontakt mit Kamera | C28: Alle beteiligt (mindestens 2 Minuten pro Person); grösstenteils frei; gelegentliches Stocken oder Ablesen | D28: Ungleiche Beteiligung (eine Person unter 1 Minute); stark abgelesen; häufiges Stocken; lange Pausen | E28: Nur eine Person spricht; komplett abgelesen; viele lange Pausen; kein Blickkontakt | F28: Kaum verständlicher Vortrag; keine Vorbereitung erkennbar | G28: Kein Vortrag gehalten
A29: Technisches Verständnis | B29: Kann alle Architektur-Entscheidungen begründen; beantwortet mindestens 3 Rückfragen korrekt und ausführlich; versteht den gesamten Code der Gruppe | C29: Kann die meisten Entscheidungen erklären; beantwortet mindestens 2 Rückfragen korrekt; kennt den eigenen Code gut | D29: Kann nur oberflächlich erklären; Schwierigkeiten bei Rückfragen; kennt nur Teile des Codes | E29: Kann kaum Fragen beantworten; versteht eigenen Code nicht vollständig | F29: Kann keine Fragen beantworten; kein technisches Verständnis erkennbar | G29: Nicht anwesend oder verweigert Antworten
A32: Bonuspunkte (bis zu 5 Punkte)
A33: Bonus | B33: Punkte | C33: Beschreibung
A34: Backend-Integration | B34: +2 Punkte | C34: Eigene API aus PROG2/PROG3 angebunden
A35: Deployment | B35: +1 Punkt | C35: z.B. Vercel, Netlify, GitHub Pages
A36: CI/CD-Pipeline | B36: +1 Punkt | C36: z.B. GitLab CI konfiguriert
A37: Besonderer Projektumfang | B37: +1 Punkt | C37: Innovative Features oder überdurchschnittlicher Umfang
A38: Accessibility (a11y) | B38: +1 Punkt | C38: Semantisches HTML, ARIA-Labels, Tastaturnavigation
A39: Testing | B39: +1 Punkt | C39: Mindestens 3 Unit- oder Komponententests implementiert
A41: Maximale Gesamtpunktzahl bleibt 80 (Note 6.0). Bonuspunkte können fehlende Punkte kompensieren.
